{
    "_custom_": true, 
    "_ref_": 134278204, 
    "attach_models": [
        {
            "cast_shadow": true, 
            "material_alpha": 1, 
            "material_change": 0, 
            "material_color": [
                255, 
                255, 
                255
            ], 
            "material_color_intensity": 1, 
            "model": 202304, 
            "offset": {
                "__tuple__": true, 
                "items": [
                    2.6645660400390625, 
                    -0.2800000011920929, 
                    -0.039032697677612305
                ]
            }, 
            "receive_decal": false, 
            "rotate": {
                "__tuple__": true, 
                "items": [
                    0.0, 
                    -179.99999899310762, 
                    0.0
                ]
            }, 
            "scale": {
                "__tuple__": true, 
                "items": [
                    4.0, 
                    4.0, 
                    4.0
                ]
            }, 
            "use_physics": false
        }, 
        {
            "cast_shadow": true, 
            "material_alpha": 1, 
            "material_change": 0, 
            "material_color": [
                255, 
                255, 
                255
            ], 
            "material_color_intensity": 1, 
            "model": 202304, 
            "offset": {
                "__tuple__": true, 
                "items": [
                    -2.6645660400390625, 
                    -0.2800000011920929, 
                    0.039032697677612305
                ]
            }, 
            "receive_decal": false, 
            "rotate": {
                "__tuple__": true, 
                "items": [
                    0.0, 
                    0.0, 
                    0.0000020137847354529677
                ]
            }, 
            "scale": {
                "__tuple__": true, 
                "items": [
                    4.000000000000003, 
                    4.000000000000003, 
                    4.0
                ]
            }, 
            "use_physics": false
        }
    ], 
    "cast_shadow": true, 
    "collision_box": {
        "__tuple__": true, 
        "items": [
            [
                -5, 
                5
            ], 
            [
                -5, 
                -5
            ], 
            [
                5, 
                -5
            ], 
            [
                5, 
                5
            ]
        ]
    }, 
    "collision_height": {
        "__tuple__": true, 
        "items": []
    }, 
    "collision_points": {
        "__tuple__": true, 
        "items": [
            [
                -2, 
                -2
            ], 
            [
                1, 
                1
            ], 
            0
        ]
    }, 
    "description": -1397911843, 
    "effect_list": [], 
    "icon": 100000, 
    "key": 134278204, 
    "kv": {}, 
    "material_alpha": 0, 
    "material_change": 0, 
    "material_color": {
        "__tuple__": true, 
        "items": [
            255, 
            255, 
            255
        ]
    }, 
    "material_color_intensity": 0, 
    "model": 103014, 
    "name": -1698719975, 
    "receive_decal": false, 
    "scale": 1.0, 
    "suffix": "", 
    "tags": {
        "__tuple__": true, 
        "items": []
    }, 
    "uid": "134278204", 
    "use_physics": false
}