{
    "_custom_": true, 
    "_ref_": 134248645, 
    "attach_models": [
        {
            "cast_shadow": true, 
            "material_alpha": 1, 
            "material_change": 0, 
            "material_color": [
                255, 
                255, 
                255
            ], 
            "material_color_intensity": 1, 
            "model": 134253009, 
            "offset": {
                "__tuple__": true, 
                "items": [
                    -0.6296768188476562, 
                    0.0, 
                    -0.32268524169921875
                ]
            }, 
            "receive_decal": false, 
            "rotate": {
                "__tuple__": true, 
                "items": [
                    -90.0, 
                    0.0000020137846451834133, 
                    0.0
                ]
            }, 
            "scale": {
                "__tuple__": true, 
                "items": [
                    100.00000000000006, 
                    100.00000000000006, 
                    100.0
                ]
            }, 
            "use_physics": false
        }, 
        {
            "cast_shadow": true, 
            "material_alpha": 1, 
            "material_change": 0, 
            "material_color": [
                255, 
                255, 
                255
            ], 
            "material_color_intensity": 1, 
            "model": 204208, 
            "offset": {
                "__tuple__": true, 
                "items": [
                    0.6296768188476562, 
                    0.0, 
                    0.32268524169921875
                ]
            }, 
            "receive_decal": false, 
            "rotate": {
                "__tuple__": true, 
                "items": [
                    1.595529356955067e-22, 
                    0.0000020137846918053595, 
                    0.0000020137846918053595
                ]
            }, 
            "scale": {
                "__tuple__": true, 
                "items": [
                    1.1000000238418592, 
                    1.1000000238418586, 
                    1.1000000238418586
                ]
            }, 
            "use_physics": false
        }
    ], 
    "cast_shadow": true, 
    "collision_box": {
        "__tuple__": true, 
        "items": [
            [
                -5, 
                5
            ], 
            [
                -5, 
                -5
            ], 
            [
                5, 
                -5
            ], 
            [
                5, 
                5
            ]
        ]
    }, 
    "collision_height": {
        "__tuple__": true, 
        "items": []
    }, 
    "collision_points": {
        "__tuple__": true, 
        "items": [
            [
                -2, 
                -2
            ], 
            [
                1, 
                1
            ], 
            0
        ]
    }, 
    "description": 1121897098, 
    "effect_list": [], 
    "icon": 100000, 
    "key": 134248645, 
    "kv": {}, 
    "material_alpha": 0, 
    "material_change": 0, 
    "material_color": {
        "__tuple__": true, 
        "items": [
            255, 
            255, 
            255
        ]
    }, 
    "material_color_intensity": 0, 
    "model": 103014, 
    "name": -1117592129, 
    "receive_decal": false, 
    "scale": 1.0, 
    "suffix": "", 
    "tags": {
        "__tuple__": true, 
        "items": []
    }, 
    "uid": "134248645", 
    "use_physics": false
}